<?xml version="1.0" encoding="UTF-8" standalone="yes"?>
<app version="1">
  <name>WiiUFtpServer</name>
  <coder>Laf111</coder>
  <version>9.0.0</version>
  <release_date>20220228040807</release_date>
  <short_description>A robust and optimized FTP server for the Wii-U</short_description>
  <long_description>Based on FTP-everywhere server. &#13;Fix : file injection failures, file timestamps, transfers number and speeds.&#13;Add an optional CRC check of files transferred</long_description>
</app>
